Symbol,Name,Last Sale,Net Change,% Change,Market Cap
AAPL,Apple Inc. Common Stock,$145.40,-0.75,-0.513%,"2,520,849,236,000"
MSFT,Microsoft Corporation Common Stock,$281.40,2.08,0.745%,"2,119,385,078,651"
AMZN,"Amazon.com, Inc. Common Stock",$3585.20,12.01,0.336%,"1,808,101,458,307"
GOOG,Alphabet Inc. Class C Capital Stock,$2652.01,29.98,1.143%,"1,777,281,080,674"
GOOGL,Alphabet Inc. Class A Common Stock,$2550.98,26.79,1.061%,"1,709,574,432,667"
FB,"Facebook, Inc. Class A Common Stock",$346.23,4.57,1.338%,"981,722,989,476"
TSLA,"Tesla, Inc. Common Stock",$655.29,-5.21,-0.789%,"631,260,809,270"
TSM,Taiwan Semiconductor Manufacturing Company Ltd.,$117.87,1.47,1.263%,"611,273,820,000"
BABA,Alibaba Group Holding Limited American Depositary Shares each representing eight Ordinary share,$211.08,0.49,0.233%,"572,554,500,000"
V,Visa Inc.,$243.66,0.96,0.396%,"519,676,428,636"
NVDA,NVIDIA Corporation Common Stock,$194.10,7.98,4.288%,"483,697,200,000"
JPM,JP Morgan Chase & Co. Common Stock,$152.86,3.15,2.104%,"456,776,252,000"
JNJ,Johnson & Johnson Common Stock,$169.49,1.04,0.617%,"446,334,288,548"
WMT,Walmart Inc. Common Stock,$141.17,-0.70,-0.493%,"395,578,940,515"
UNH,UnitedHealth Group Incorporated Common Stock (DE),$414.64,1.67,0.404%,"391,296,647,037"
MA,Mastercard Incorporated Common Stock,$380.06,5.67,1.514%,"376,657,507,529"
PYPL,"PayPal Holdings, Inc. Common Stock",$301.77,3.70,1.241%,"354,497,684,856"
HD,"Home Depot, Inc. (The) Common Stock",$326.36,1.01,0.31%,"347,005,022,520"
PG,Procter & Gamble Company (The) Common Stock,$139.20,-0.49,-0.351%,"340,794,003,811"
BAC,Bank of America Corporation Common Stock,$38.46,0.77,2.043%,"331,804,133,150"
DIS,Walt Disney Company (The) Common Stock,$176.89,0.14,0.079%,"321,397,111,740"
ASML,ASML Holding N.V. New York Registry Shares,$721.00,36.95,5.402%,"300,306,618,514"
ADBE,Adobe Inc. Common Stock,$612.26,3.54,0.582%,"291,680,664,000"
CMCSA,Comcast Corporation Class A Common Stock,$57.81,0.73,1.279%,"265,595,858,363"
NKE,"Nike, Inc. Common Stock",$161.08,1.34,0.839%,"254,501,096,280"
TM,Toyota Motor Corporation Common Stock,$179.68,1.56,0.876%,"250,990,399,020"
ORCL,Oracle Corporation Common Stock,$89.69,1.03,1.162%,"250,414,480,000"
XOM,Exxon Mobil Corporation Common Stock,$57.76,1.80,3.217%,"244,529,207,846"
KO,Coca-Cola Company (The) Common Stock,$56.55,0.72,1.29%,"243,794,340,652"
VZ,Verizon Communications Inc. Common Stock,$55.95,0.37,0.666%,"231,636,784,066"
PFE,"Pfizer, Inc. Common Stock",$41.02,-0.03,-0.073%,"229,617,402,424"
NFLX,"Netflix, Inc. Common Stock",$513.63,-17.42,-3.28%,"227,744,947,292"
LLY,Eli Lilly and Company Common Stock,$237.29,2.27,0.966%,"227,567,148,081"
CSCO,"Cisco Systems, Inc. Common Stock (DE)",$53.88,0.30,0.56%,"227,469,805,272"
INTC,Intel Corporation Common Stock,$56.23,0.99,1.792%,"227,056,740,000"
CRM,Salesforce.com Inc Common Stock,$242.11,2.00,0.833%,"224,193,860,000"
PEP,"PepsiCo, Inc. Common Stock",$155.24,-0.58,-0.372%,"214,559,525,769"
ABT,Abbott Laboratories Common Stock,$118.98,0.25,0.211%,"211,406,061,209"
ABBV,AbbVie Inc. Common Stock,$116.99,0.94,0.81%,"206,630,351,089"
NVO,Novo Nordisk A/S Common Stock,$88.81,1.30,1.486%,"203,748,395,428"
NVS,Novartis AG Common Stock,$90.48,0.24,0.266%,"203,135,635,438"
TMO,Thermo Fisher Scientific Inc Common Stock,$514.26,-8.32,-1.592%,"202,118,520,654"
DHR,Danaher Corporation Common Stock,$279.80,-3.80,-1.34%,"199,575,426,707"
T,AT&T Inc.,$27.90,-0.01,-0.036%,"199,206,000,000"
ACN,Accenture plc Class A Ordinary Shares (Ireland),$313.77,1.71,0.548%,"198,973,051,650"
AVGO,Broadcom Inc. Common Stock,$479.02,10.43,2.226%,"196,523,013,451"
SHOP,Shopify Inc. Class A Subordinate Voting Shares,$1569.36,44.58,2.924%,"195,201,987,365"
MRK,"Merck & Company, Inc. Common Stock (new)",$76.39,0.22,0.289%,"193,423,938,426"
CVX,Chevron Corporation Common Stock,$99.82,3.29,3.408%,"192,458,867,248"
BHP,BHP Group Limited American Depositary Shares (Each representing two Ordinary Shares),$75.74,1.91,2.587%,"191,508,590,000"
WFC,Wells Fargo & Company Common Stock,$45.80,0.96,2.141%,"188,146,320,949"
UPS,"United Parcel Service, Inc. Common Stock",$212.45,-0.01,-0.005%,"184,944,652,570"
COST,Costco Wholesale Corporation Common Stock,$415.01,-1.23,-0.296%,"183,463,093,456"
TMUS,"T-Mobile US, Inc. Common Stock",$144.57,0.17,0.118%,"180,258,229,399"
TXN,Texas Instruments Incorporated Common Stock,$194.24,6.47,3.446%,"179,385,209,108"
MCD,McDonald's Corporation Common Stock,$235.93,1.66,0.709%,"176,044,898,824"
MS,Morgan Stanley Common Stock,$95.68,3.36,3.64%,"175,477,120,000"
MDT,Medtronic plc. Ordinary Shares,$127.05,1.54,1.227%,"170,743,026,069"
SAP,SAP  SE ADS,$138.86,-5.24,-3.636%,"163,796,387,152"
HON,Honeywell International Inc. Common Stock,$231.85,2.19,0.954%,"161,032,716,556"
QCOM,QUALCOMM Incorporated Common Stock,$142.17,2.62,1.877%,"160,367,760,000"
BBL,BHP Group PlcSponsored ADR,$62.32,1.86,3.076%,"157,576,120,000"
SE,"Sea Limited American Depositary Shares, each representing one Class A Ordinary Share",$293.92,14.28,5.107%,"154,141,494,908"
UL,Unilever PLC Common Stock,$58.71,-0.11,-0.187%,"153,166,076,547"
LIN,Linde plc Ordinary Share,$294.20,3.83,1.319%,"152,992,739,211"
AZN,AstraZeneca PLC American Depositary Shares,$57.77,0.23,0.40%,"151,679,510,500"
PM,Philip Morris International Inc Common Stock,$96.54,1.61,1.696%,"150,461,161,690"
BMY,Bristol-Myers Squibb Company Common Stock,$67.16,0.44,0.659%,"149,957,786,586"
NEE,"NextEra Energy, Inc. Common Stock",$75.88,-1.29,-1.672%,"148,834,451,153"
CHTR,"Charter Communications, Inc. Class A Common Stock New",$718.42,-0.34,-0.047%,"147,203,666,740"
UNP,Union Pacific Corporation Common Stock,$217.19,1.71,0.794%,"144,279,864,536"
RY,Royal Bank Of Canada Common Stock,$100.51,1.10,1.107%,"143,236,438,460"
AMGN,Amgen Inc. Common Stock,$244.85,-2.04,-0.826%,"140,679,543,472"
INTU,Intuit Inc. Common Stock,$514.45,5.89,1.158%,"140,578,229,394"
SBUX,Starbucks Corporation Common Stock,$119.27,1.85,1.576%,"140,535,841,000"
AXP,American Express Company Common Stock,$172.51,3.64,2.156%,"138,577,776,206"
LOW,"Lowe's Companies, Inc. Common Stock",$195.13,1.02,0.525%,"137,935,472,433"
C,"Citigroup, Inc. Common Stock",$67.89,1.60,2.414%,"137,599,452,000"
BUD,Anheuser-Busch Inbev SA Sponsored ADR (Belgium),$68.40,1.47,2.196%,"135,411,940,674"
BLK,"BlackRock, Inc. Common Stock",$882.68,3.84,0.437%,"134,431,090,661"
RIO,Rio Tinto Plc Common Stock,$82.94,1.49,1.829%,"134,279,160,318"
SCHW,Charles Schwab Corporation (The) Common Stock,$69.56,1.62,2.384%,"131,214,250,993"
RTX,Raytheon Technologies Corporation Common Stock,$86.58,1.78,2.099%,"131,176,480,945"
PDD,Pinduoduo Inc. American Depositary Shares,$104.52,2.27,2.22%,"130,993,745,481"
BA,Boeing Company (The) Common Stock,$222.54,5.39,2.482%,"130,143,632,533"
HDB,HDFC Bank Limited Common Stock,$70.27,0.93,1.341%,"129,454,183,649"
SNY,Sanofi ADR,$51.50,0.10,0.195%,"129,010,896,425"
MRNA,"Moderna, Inc. Common Stock",$321.11,13.78,4.484%,"128,934,588,326"
AMT,American Tower Corporation (REIT) Common Stock,$280.26,-2.74,-0.968%,"127,433,124,222"
GS,"Goldman Sachs Group, Inc. (The) Common Stock",$373.50,8.74,2.396%,"126,901,179,459"
TGT,Target Corporation Common Stock,$256.05,1.34,0.526%,"126,674,037,696"
IBM,International Business Machines Corporation Common Stock,$141.30,1.33,0.95%,"126,254,775,596"
AMAT,"Applied Materials, Inc. Common Stock",$138.00,6.03,4.569%,"126,129,344,328"
SONY,Sony Group Corporation American Depositary Shares ,$100.46,1.38,1.393%,"124,489,868,853"
TD,Toronto Dominion Bank (The) Common Stock,$65.92,0.99,1.525%,"119,888,704,000"
JD,"JD.com, Inc. American Depositary Shares",$75.30,1.43,1.936%,"117,391,590,003"
SQ,"Square, Inc. Class A Common Stock",$257.25,10.78,4.374%,"117,143,585,470"
EL,"Estee Lauder Companies, Inc. (The) Common Stock",$323.08,-0.37,-0.114%,"117,120,336,252"
MMM,3M Company Common Stock,$200.77,-0.05,-0.025%,"116,381,350,152"
CAT,"Caterpillar, Inc. Common Stock",$210.73,2.77,1.332%,"115,435,186,541"
GE,General Electric Company Common Stock,$13.08,0.38,2.992%,"114,824,624,280"
HSBC,"HSBC Holdings, plc. Common Stock",$27.66,0.62,2.293%,"112,997,285,716"
VALE,VALE S.A.  American Depositary Shares Each Representing one common share,$22.05,0.42,1.942%,"112,895,034,408"
NOW,"ServiceNow, Inc. Common Stock",$567.13,1.88,0.333%,"111,978,676,867"
ISRG,"Intuitive Surgical, Inc. Common Stock",$944.94,-10.11,-1.059%,"111,893,074,387"
TTE,TotalEnergies SE,$42.35,1.09,2.642%,"111,814,795,184"
DEO,Diageo plc Common Stock,$189.84,1.50,0.796%,"110,895,559,769"
DE,Deere & Company Common Stock,$353.00,4.97,1.428%,"110,115,558,476"
CVS,CVS Health Corporation Common Stock,$83.06,1.26,1.54%,"109,354,127,365"
AMD,"Advanced Micro Devices, Inc. Common Stock",$89.41,2.30,2.64%,"108,635,025,464"
LMT,Lockheed Martin Corporation Common Stock,$380.89,0.91,0.239%,"105,862,275,547"
ZM,"Zoom Video Communications, Inc. Class A Common Stock",$352.97,-2.84,-0.798%,"105,122,278,638"
SPGI,S&P Global Inc. Common Stock,$417.06,0.68,0.163%,"100,469,754,000"
SNAP,Snap Inc. Class A Common Stock,$63.39,1.06,1.701%,"99,582,801,508"
GSK,GlaxoSmithKline PLC Common Stock,$39.32,0.23,0.588%,"98,922,735,100"
SYK,Stryker Corporation Common Stock,$258.68,3.50,1.372%,"97,457,137,977"
ZTS,Zoetis Inc. Class A Common Stock,$198.04,-2.07,-1.034%,"94,022,797,466"
ANTM,"Anthem, Inc. Common Stock",$383.59,-6.35,-1.628%,"93,918,426,468"
PLD,"Prologis, Inc. Common Stock",$126.90,-1.09,-0.852%,"93,877,193,700"
LRCX,Lam Research Corporation Common Stock,$637.25,30.16,4.968%,"90,884,178,239"
INFY,Infosys Limited American Depositary Shares,$21.31,0.37,1.767%,"90,761,117,610"
FIS,"Fidelity National Information Services, Inc. Common Stock",$145.47,0.64,0.442%,"90,209,664,922"
BKNG,Booking Holdings Inc. Common Stock,$2194.03,63.60,2.985%,"90,071,103,306"
MDLZ,"Mondelez International, Inc. Class A Common Stock",$64.02,-0.39,-0.605%,"89,929,612,560"
UBER,"Uber Technologies, Inc. Common Stock",$47.52,1.20,2.591%,"89,241,616,776"
MO,"Altria Group, Inc.",$47.33,0.12,0.254%,"87,590,695,309"
ADP,"Automatic Data Processing, Inc. Common Stock",$204.47,1.33,0.655%,"87,005,730,890"
BTI,"British American Tobacco  Industries, p.l.c. Common Stock ADR",$37.88,0.54,1.446%,"86,920,494,814"
CCI,Crown Castle International Corp. (REIT) Common Stock,$201.10,-2.18,-1.072%,"86,913,337,811"
MU,"Micron Technology, Inc. Common Stock",$77.19,1.80,2.388%,"86,896,917,296"
GILD,"Gilead Sciences, Inc. Common Stock",$68.41,-0.75,-1.084%,"85,798,328,336"
USB,U.S. Bancorp Common Stock,$57.20,1.11,1.979%,"84,827,600,000"
ABNB,"Airbnb, Inc. Class A Common Stock",$139.25,3.16,2.322%,"83,048,561,725"
GM,General Motors Company Common Stock,$57.05,0.90,1.603%,"82,760,773,134"
HCA,"HCA Healthcare, Inc. Common Stock",$249.25,0.35,0.141%,"82,415,883,375"
TJX,"TJX Companies, Inc. (The) Common Stock",$67.48,0.98,1.474%,"81,413,755,311"
BP,BP p.l.c. Common Stock,$23.91,0.80,3.462%,"80,673,599,268"
BAM,Brookfield Asset Management Inc. Common Stock,$50.97,1.79,3.64%,"80,410,438,468"
CI,Cigna Corporation Common Stock,$233.57,1.55,0.668%,"80,021,082,000"
FDX,FedEx Corporation Common Stock,$298.35,0.33,0.111%,"79,763,345,017"
DUK,Duke Energy Corporation (Holding Company) Common Stock,$103.16,-0.58,-0.559%,"79,352,627,501"
PNC,"PNC Financial Services Group, Inc. (The) Common Stock",$184.87,3.27,1.801%,"78,543,562,980"
PTR,PetroChina Company Limited Common Stock,$42.86,0.74,1.757%,"78,442,791,085"
ENB,Enbridge Inc Common Stock,$38.60,0.66,1.74%,"78,187,248,461"
MELI,"MercadoLibre, Inc. Common Stock",$1550.17,8.02,0.52%,"77,279,569,344"
COP,ConocoPhillips Common Stock,$57.02,2.55,4.681%,"76,943,840,247"
SNOW,Snowflake Inc. Class A Common Stock,$259.30,3.03,1.182%,"76,778,730,000"
NIO,"NIO Inc. American depositary shares, each  representing one Class A ordinary share",$46.77,2.60,5.886%,"76,633,491,958"
CB,Chubb Limited  Common Stock,$169.42,1.75,1.044%,"76,186,577,217"
CME,CME Group Inc. Class A Common Stock,$212.00,3.42,1.64%,"76,128,602,160"
NTES,"NetEase, Inc. American Depositary Shares",$113.04,-0.18,-0.159%,"75,847,655,841"
BNS,Bank Nova Scotia Halifax Pfd 3 Ordinary Shares,$62.11,0.86,1.404%,"75,392,596,160"
SHW,Sherwin-Williams Company (The) Common Stock,$281.83,0.59,0.21%,"74,952,576,050"
BX,The Blackstone Group Inc. Common Stock,$105.79,1.95,1.878%,"74,553,058,963"
TFC,Truist Financial Corporation Common Stock,$55.28,1.21,2.238%,"73,786,085,600"
CNI,Canadian National Railway Company Common Stock,$104.22,1.92,1.877%,"73,783,632,680"
COF,Capital One Financial Corporation Common Stock,$163.21,5.23,3.311%,"73,687,575,671"
DELL,Dell Technologies Inc. Class C Common Stock ,$96.21,0.84,0.881%,"73,474,630,197"
EQIX,"Equinix, Inc. Common Stock REIT",$819.76,-12.89,-1.548%,"73,434,023,743"
FISV,"Fiserv, Inc. Common Stock",$110.04,1.20,1.103%,"72,821,102,795"
ITW,Illinois Tool Works Inc. Common Stock,$229.35,0.26,0.113%,"72,447,704,584"
MMC,"Marsh & McLennan Companies, Inc. Common Stock",$142.39,0.69,0.487%,"72,409,860,943"
ABB,ABB Ltd Common Stock,$35.84,0.72,2.05%,"71,894,823,132"
CSX,CSX Corporation Common Stock,$31.57,0.39,1.251%,"71,733,374,457"
BDX,"Becton, Dickinson and Company Common Stock",$246.35,-0.65,-0.263%,"71,643,138,460"
MCO,Moody's Corporation Common Stock,$379.00,1.69,0.448%,"70,948,800,000"
ATVI,"Activision Blizzard, Inc. Common Stock",$91.17,-0.34,-0.372%,"70,840,617,918"
ILMN,"Illumina, Inc. Common Stock",$480.85,-6.40,-1.313%,"70,204,100,000"
PBR,Petroleo Brasileiro S.A.- Petrobras Common Stock,$10.70,0.24,2.294%,"69,786,476,741"
CL,Colgate-Palmolive Company Common Stock,$82.18,-0.51,-0.617%,"69,521,714,340"
MUFG,"Mitsubishi UFJ Financial Group, Inc. Common Stock",$5.35,0.09,1.711%,"68,719,214,368"
CPNG,"Coupang, Inc. Class A Common Stock",$39.65,0.82,2.112%,"68,696,012,287"
TWLO,Twilio Inc. Class A Common Stock,$393.90,3.68,0.943%,"68,024,866,560"
ICE,Intercontinental Exchange Inc. Common Stock,$120.23,1.09,0.915%,"67,661,326,724"
WBK,Westpac Banking Corporation Common Stock,$18.42,0.21,1.153%,"67,516,488,663"
TEAM,Atlassian Corporation Plc Class A Ordinary Shares,$268.85,1.23,0.46%,"67,229,106,865"
SO,Southern Company (The) Common Stock,$62.82,-0.13,-0.207%,"66,503,160,786"
ADSK,"Autodesk, Inc. Common Stock",$301.78,5.66,1.911%,"66,395,618,201"
EW,Edwards Lifesciences Corporation Common Stock,$106.05,-0.53,-0.497%,"65,924,580,201"
VMW,"Vmware, Inc. Common stock, Class A",$156.32,1.01,0.65%,"65,487,291,263"
NSC,Norfolk Southern Corporation Common Stock,$260.65,3.82,1.487%,"65,225,318,996"
BMO,Bank Of Montreal Common Stock,$98.81,1.68,1.73%,"63,962,561,099"
EQNR,Equinor ASA,$19.68,0.71,3.743%,"63,889,475,716"
APD,"Air Products and Chemicals, Inc. Common Stock",$286.72,0.77,0.269%,"63,455,224,054"
SAN,"Banco Santander, S.A. Sponsored ADR (Spain)",$3.64,0.14,4.00%,"63,017,597,261"
BIDU,"Baidu, Inc. ADS",$180.51,2.62,1.473%,"62,727,760,754"
BNTX,BioNTech SE American Depositary Share,$259.61,14.44,5.89%,"62,701,283,685"
REGN,"Regeneron Pharmaceuticals, Inc. Common Stock",$583.72,-3.52,-0.599%,"62,191,749,855"
ETN,"Eaton Corporation, PLC Ordinary Shares",$155.63,1.54,0.999%,"62,018,555,000"
BSX,Boston Scientific Corporation Common Stock,$43.58,0.79,1.846%,"61,923,295,061"
ECL,Ecolab Inc. Common Stock,$214.47,0.27,0.126%,"61,324,993,320"
WM,"Waste Management, Inc. Common Stock",$144.85,-0.32,-0.22%,"61,145,133,611"
ADI,"Analog Devices, Inc. Common Stock",$164.84,3.93,2.442%,"60,797,429,163"
IBN,ICICI Bank Limited Common Stock,$17.52,0.12,0.69%,"60,669,038,601"
D,"Dominion Energy, Inc. Common Stock",$74.72,-0.95,-1.255%,"60,263,498,461"
HUM,Humana Inc. Common Stock,$463.48,2.98,0.647%,"59,795,606,626"
DOCU,"DocuSign, Inc. Common Stock",$302.81,1.54,0.511%,"58,998,024,201"
EMR,Emerson Electric Company Common Stock,$98.27,1.14,1.174%,"58,932,519,000"
WDAY,"Workday, Inc. Class A Common Stock",$237.36,6.53,2.829%,"58,627,920,000"
DASH,"DoorDash, Inc. Class A Common Stock",$179.02,1.46,0.822%,"58,331,492,623"
BSBR,"Banco Santander Brasil SA American Depositary Shares, each representing one unit",$7.80,0.09,1.167%,"58,241,734,200"
NOC,Northrop Grumman Corporation Common Stock,$361.46,1.49,0.414%,"58,181,038,244"
STLA,Stellantis N.V. Common Shares,$18.49,0.54,3.008%,"57,897,328,741"
CRWD,"CrowdStrike Holdings, Inc. Class A Common Stock",$253.55,1.31,0.519%,"57,254,282,194"
IDXX,"IDEXX Laboratories, Inc. Common Stock",$670.51,1.12,0.167%,"57,181,531,314"
SNP,China Petroleum & Chemical Corporation Common Stock,$46.84,0.67,1.451%,"56,709,754,577"
F,Ford Motor Company Common Stock,$14.19,0.28,2.013%,"56,641,434,873"
GPN,Global Payments Inc. Common Stock,$191.81,3.06,1.621%,"56,625,327,637"
ROKU,"Roku, Inc. Class A Common Stock",$422.13,4.93,1.182%,"55,889,413,842"
TWTR,"Twitter, Inc. Common Stock",$69.54,1.60,2.355%,"55,501,725,920"
DIDI,DiDi Global Inc. American Depositary Shares (each four representing one Class A Ordinary Share),$11.50,0.29,2.587%,"55,467,276,974"
ITUB,Itau Unibanco Banco Holding SA American Depositary Shares (Each repstg 500 Preferred shares),$5.64,0.09,1.622%,"55,295,323,363"
PGR,Progressive Corporation (The) Common Stock,$94.01,-0.41,-0.434%,"55,014,652,000"
NXPI,NXP Semiconductors N.V. Common Stock,$198.62,5.31,2.747%,"54,768,834,779"
HMC,"Honda Motor Company, Ltd. Common Stock",$31.67,0.15,0.476%,"54,683,172,338"
RELX,RELX PLC PLC American Depositary Shares (Each representing One Ordinary Share),$28.09,0.09,0.321%,"54,310,360,920"
GD,General Dynamics Corporation Common Stock,$191.63,1.62,0.853%,"54,154,213,731"
PSA,Public Storage Common Stock,$308.29,-3.90,-1.249%,"53,944,010,781"
UBS,UBS Group AG Registered Ordinary Shares,$15.80,0.53,3.471%,"53,190,941,313"
TAK,Takeda Pharmaceutical Company Limited American Depositary Shares (each representing 1/2 of a share of Common Stock),$16.85,-0.16,-0.941%,"53,124,272,500"
DG,Dollar General Corporation Common Stock,$224.22,-2.19,-0.967%,"52,961,994,968"
ROP,"Roper Technologies, Inc. Common Stock",$493.79,2.23,0.454%,"51,965,979,636"
LULU,lululemon athletica inc. Common Stock,$383.62,0.32,0.083%,"51,926,144,524"
AON,Aon plc Class A Ordinary Shares (Ireland),$230.06,1.27,0.555%,"51,912,406,335"
AMX,"America Movil, S.A.B. de C.V. American Depository Receipt Series L",$15.65,0.06,0.385%,"51,723,250,000"
MET,"MetLife, Inc. Common Stock",$58.99,1.29,2.236%,"51,640,728,313"
EPD,Enterprise Products Partners L.P. Common Stock,$23.63,-0.13,-0.547%,"51,635,770,389"
AMOV,"America Movil, S.A.B. de C.V. Class A American Depositary Shares",$15.62,0.09,0.58%,"51,624,100,000"
TRI,Thomson Reuters Corp Ordinary Shares,$103.65,1.03,1.004%,"51,374,596,595"
ABEV,Ambev S.A. American Depositary Shares (Each representing 1 Common Share),$3.26,0.06,1.875%,"51,309,855,329"
CM,Canadian Imperial Bank of Commerce Common Stock,$113.44,2.23,2.005%,"50,945,124,213"
RACE,Ferrari N.V. Common Shares,$205.61,1.47,0.72%,"50,938,941,563"
VRTX,Vertex Pharmaceuticals Incorporated Common Stock,$196.27,-0.28,-0.142%,"50,807,565,247"
FCX,"Freeport-McMoRan, Inc. Common Stock",$34.65,1.70,5.159%,"50,780,504,417"
JCI,Johnson Controls International plc Ordinary Share,$70.56,0.82,1.176%,"50,571,416,821"
KDP,Keurig Dr Pepper Inc. Common Stock,$35.50,-0.39,-1.087%,"50,318,509,933"
LFC,China Life Insurance Company Limited American Depositary Shares,$8.81,0.04,0.456%,"49,802,410,210"
BBD,Banco Bradesco Sa American Depositary Shares,$4.64,0.04,0.87%,"49,606,182,135"
VEEV,Veeva Systems Inc. Class A Common Stock,$323.87,-0.09,-0.028%,"49,525,963,327"
CMG,"Chipotle Mexican Grill, Inc. Common Stock",$1755.99,181.64,11.537%,"49,431,959,619"
PUK,Prudential Public Limited Company Common Stock,$37.78,1.68,4.654%,"49,408,901,991"
MNST,Monster Beverage Corporation,$93.35,-0.36,-0.384%,"49,341,282,957"
SCCO,Southern Copper Corporation Common Stock,$63.55,1.51,2.434%,"49,128,806,245"
ALGN,"Align Technology, Inc. Common Stock",$619.65,3.94,0.64%,"49,036,978,699"
ING,"ING Group, N.V. Common Stock",$12.52,0.42,3.471%,"48,869,673,433"
BIIB,Biogen Inc. Common Stock,$322.96,0.47,0.146%,"48,623,162,060"
KLAC,KLA Corporation Common Stock,$316.88,14.11,4.66%,"48,571,931,397"
NEM,Newmont Corporation,$60.36,-0.08,-0.132%,"48,358,134,819"
CP,Canadian Pacific Railway Limited Common Stock,$72.30,0.43,0.598%,"48,196,374,758"
COIN,"Coinbase Global, Inc. Class A Common Stock",$230.87,5.91,2.627%,"48,173,827,569"
KHC,The Kraft Heinz Company Common Stock,$39.37,-0.03,-0.076%,"48,155,310,776"
MRVL,"Marvell Technology, Inc. Common Stock",$58.33,1.77,3.129%,"47,801,435,000"
EBAY,eBay Inc. Common Stock,$69.86,0.29,0.417%,"47,592,937,891"
TT,Trane Technologies plc,$198.67,2.19,1.115%,"47,511,435,216"
TRP,TC Energy Corporation Common Stock,$48.47,0.85,1.785%,"47,452,130,000"
SPOT,Spotify Technology S.A. Ordinary Shares,$247.91,1.41,0.572%,"47,345,465,804"
TROW,"T. Rowe Price Group, Inc. Common Stock",$207.36,3.08,1.508%,"47,040,772,032"
SMFG,Sumitomo Mitsui Financial Group Inc Unsponsored American Depositary Shares (Japan),$6.82,0.06,0.888%,"46,731,586,582"
IQV,"IQVIA Holdings, Inc. Common Stock",$243.03,-4.04,-1.635%,"46,579,415,117"
MSCI,MSCI Inc Common Stock,$564.86,1.29,0.229%,"46,557,256,384"
LHX,"L3Harris Technologies, Inc. Common Stock",$227.10,1.59,0.705%,"46,551,825,976"
PINS,"Pinterest, Inc. Class A Common Stock",$72.23,0.80,1.12%,"46,000,467,574"
TEL,TE Connectivity Ltd. New Switzerland Registered Shares,$139.30,3.78,2.789%,"46,000,290,402"
INFO,IHS Markit Ltd. Common Shares,$115.15,0.28,0.244%,"45,900,205,424"
MAR,Marriott International Class A Common Stock,$140.36,5.33,3.947%,"45,706,625,474"
KMB,Kimberly-Clark Corporation Common Stock,$135.44,-2.29,-1.663%,"45,701,734,279"
RBLX,Roblox Corporation Class A Common Stock,$79.91,0.05,0.063%,"45,535,232,208"
WIT,Wipro Limited Common Stock,$8.28,0.07,0.853%,"45,207,464,221"
A,"Agilent Technologies, Inc. Common Stock",$148.95,-0.35,-0.234%,"45,197,868,364"
NGG,"National Grid Transco, PLC National Grid PLC (NEW) American Depositary Shares",$63.36,0.04,0.063%,"45,054,971,533"
BEKE,KE Holdings Inc American Depositary Shares (each representing three Class A Ordinary Shares),$37.75,-0.25,-0.658%,"44,956,386,099"
EXC,Exelon Corporation Common Stock,$45.84,-0.22,-0.478%,"44,793,712,772"
DOW,Dow Inc. Common Stock ,$59.73,1.11,1.894%,"44,617,679,371"
VOD,Vodafone Group Plc American Depositary Shares,$16.01,0.32,2.04%,"44,549,388,200"
BCE,"BCE, Inc. Common Stock",$49.10,0.26,0.532%,"44,416,593,456"
BILI,Bilibili Inc. American Depositary Shares,$115.58,3.66,3.27%,"44,257,366,440"
MTCH,"Match Group, Inc. Common Stock",$159.70,5.93,3.856%,"44,155,176,400"
LYG,Lloyds Banking Group Plc American Depositary Shares,$2.47,0.10,4.219%,"43,823,993,789"
CARR,Carrier Global Corporation Common Stock ,$50.45,0.55,1.102%,"43,785,486,338"
DLR,"Digital Realty Trust, Inc. Common Stock",$154.68,-2.32,-1.478%,"43,555,984,199"
ROST,"Ross Stores, Inc. Common Stock",$121.65,3.06,2.58%,"43,443,729,141"
BBDO,Banco Bradesco Sa American Depositary Shares (each representing one Common Share),$4.06,0.02,0.495%,"43,405,409,368"
STZ,"Constellation Brands, Inc. Common Stock",$225.85,0.68,0.302%,"43,382,698,760"
EOG,"EOG Resources, Inc. Common Stock",$74.19,2.69,3.762%,"43,297,664,001"
DXCM,"DexCom, Inc. Common Stock",$446.98,-0.72,-0.161%,"43,225,591,114"
FTNT,"Fortinet, Inc. Common Stock",$264.65,0.81,0.307%,"43,222,016,602"
BK,The Bank of New York Mellon Corporation Common Stock,$50.06,0.62,1.254%,"43,210,490,440"
CNC,Centene Corporation Common Stock,$72.91,1.24,1.73%,"42,487,192,591"
SNPS,"Synopsys, Inc. Common Stock",$278.22,0.33,0.119%,"42,449,389,791"
PLTR,Palantir Technologies Inc. Class A Common Stock,$22.52,0.34,1.533%,"42,339,336,495"
AEP,"American Electric Power Company, Inc. Common Stock",$84.72,-1.02,-1.19%,"42,338,853,888"
PHG,Koninklijke Philips N.V. NY Registry Shares,$46.43,0.41,0.891%,"42,319,749,938"
APTV,Aptiv PLC Ordinary Shares,$156.05,2.90,1.894%,"42,205,711,981"
ORLY,"O'Reilly Automotive, Inc. Common Stock",$604.39,-2.99,-0.492%,"42,163,247,270"
SPG,"Simon Property Group, Inc. Common Stock",$127.93,2.30,1.831%,"42,030,044,419"
APH,Amphenol Corporation Common Stock,$70.15,1.54,2.245%,"41,922,742,758"
AIG,"American International Group, Inc. New Common Stock",$48.29,1.06,2.244%,"41,603,077,695"
BBVA,Banco Bilbao Vizcaya Argentaria S.A. Common Stock,$6.17,0.28,4.754%,"41,091,500,199"
E,ENI S.p.A. Common Stock,$22.92,0.51,2.276%,"40,941,418,989"
CTAS,Cintas Corporation Common Stock,$392.16,2.96,0.761%,"40,808,715,095"
KMI,"Kinder Morgan, Inc. Common Stock",$17.85,0.38,2.175%,"40,422,799,107"
WBA,"Walgreens Boots Alliance, Inc. Common Stock",$46.67,0.61,1.324%,"40,368,957,571"
BAX,Baxter International Inc. Common Stock,$80.27,-0.27,-0.335%,"40,363,929,478"
ALXN,"Alexion Pharmaceuticals, Inc. Common Stock",$182.50,UNCH,--,"40,336,009,475"
EA,Electronic Arts Inc. Common Stock,$140.72,-0.35,-0.248%,"40,208,437,258"
PAYX,"Paychex, Inc. Common Stock",$111.39,0.93,0.842%,"40,081,484,307"
PRU,"Prudential Financial, Inc. Common Stock",$101.21,2.15,2.17%,"39,876,740,000"
DD,"DuPont de Nemours, Inc. Common Stock",$74.87,1.16,1.574%,"39,841,496,696"
SLB,Schlumberger N.V. Common Stock,$28.43,1.19,4.369%,"39,754,591,923"
BCS,Barclays PLC Common Stock,$9.30,0.36,4.027%,"39,520,053,488"
SRE,DBA Sempra Common Stock,$130.30,-1.62,-1.228%,"39,449,719,862"
PH,Parker-Hannifin Corporation Common Stock,$305.18,5.65,1.886%,"39,385,293,295"
ERIC,Ericsson American Depositary Shares,$11.76,0.16,1.379%,"39,207,840,000"
CDNS,"Cadence Design Systems, Inc. Common Stock",$140.76,0.97,0.694%,"39,168,581,400"
CNQ,Canadian Natural Resources Limited Common Stock,$32.73,1.27,4.037%,"38,779,715,010"
ALL,Allstate Corporation (The) Common Stock,$128.79,0.96,0.751%,"38,551,829,112"
MCHP,Microchip Technology Incorporated Common Stock,$140.66,3.63,2.649%,"38,546,486,655"
DFS,Discover Financial Services Common Stock,$125.55,4.27,3.521%,"38,278,629,015"
TRV,"The Travelers Companies, Inc. Common Stock",$151.84,0.75,0.496%,"38,182,486,141"
CRH,CRH PLC American Depositary Shares,$48.85,0.97,2.026%,"38,170,371,380"
PANW,"Palo Alto Networks, Inc. Common Stock",$391.82,-9.17,-2.287%,"38,159,693,818"
PPG,"PPG Industries, Inc. Common Stock",$159.77,1.28,0.808%,"37,880,057,669"
OKTA,"Okta, Inc. Class A Common Stock",$247.25,0.91,0.369%,"37,841,454,507"
LVS,Las Vegas Sands Corp. Common Stock,$49.42,1.64,3.432%,"37,756,373,544"
PTON,"Peloton Interactive, Inc. Class A Common Stock",$126.43,0.08,0.063%,"37,713,218,505"
SYY,Sysco Corporation Common Stock,$73.27,0.60,0.826%,"37,483,605,740"
MFC,Manulife Financial Corporation Common Stock,$19.29,0.57,3.045%,"37,460,901,665"
OTIS,Otis Worldwide Corporation Common Stock ,$86.81,0.71,0.825%,"37,253,940,637"
MSI,"Motorola Solutions, Inc. Common Stock",$219.42,0.84,0.384%,"37,228,483,443"
GOLD,Barrick Gold Corporation Common Stock (BC),$20.90,0.18,0.869%,"37,167,961,069"
RMD,ResMed Inc. Common Stock,$255.37,0.12,0.047%,"37,160,888,758"
HSY,The Hershey Company Common Stock,$178.02,-2.26,-1.254%,"36,849,508,563"
WELL,Welltower Inc. Common Stock,$87.99,-0.03,-0.034%,"36,737,628,795"
RSG,"Republic Services, Inc. Common Stock",$114.88,-0.22,-0.191%,"36,650,558,256"
AFL,AFLAC Incorporated Common Stock,$53.88,0.90,1.699%,"36,620,470,568"
MFG,"Mizuho Financial Group, Inc. Sponosred ADR (Japan)",$2.88,0.03,1.053%,"36,509,185,613"
SBAC,SBA Communications Corporation Class A Common Stock,$331.96,-3.34,-0.996%,"36,298,045,367"
XEL,Xcel Energy Inc. Common Stock,$67.06,-1.10,-1.614%,"36,092,148,008"
IFF,"Internationa Flavors & Fragrances, Inc. Common Stock",$144.98,1.19,0.828%,"36,088,403,912"
GIS,"General Mills, Inc. Common Stock",$58.99,-0.93,-1.552%,"35,819,341,968"
CTSH,Cognizant Technology Solutions Corporation Class A Common Stock,$67.75,0.14,0.207%,"35,732,155,141"
TDG,Transdigm Group Incorporated Transdigm Group Inc. Common Stock,$648.85,12.17,1.911%,"35,616,766,337"
PXD,Pioneer Natural Resources Company Common Stock,$145.09,6.14,4.419%,"35,395,053,861"
MPC,Marathon Petroleum Corporation Common Stock,$54.08,1.96,3.761%,"35,295,300,914"
TTD,"The Trade Desk, Inc. Class A Common Stock",$74.15,1.15,1.575%,"35,278,540,515"
XPEV,"XPeng Inc. American depositary shares, each representing two Class A ordinary shares",$43.87,3.11,7.63%,"35,242,254,815"
CSGP,"CoStar Group, Inc. Common Stock",$88.84,0.74,0.84%,"35,086,069,820"
CMI,Cummins Inc. Common Stock,$239.38,1.44,0.605%,"34,997,973,122"
HLT,Hilton Worldwide Holdings Inc. Common Stock ,$124.93,4.03,3.333%,"34,797,217,889"
GLW,Corning Incorporated Common Stock,$40.86,0.75,1.87%,"34,786,440,156"
YUM,"Yum! Brands, Inc.",$116.77,0.61,0.525%,"34,785,917,636"
ALC,Alcon Inc. Ordinary Shares,$69.61,0.47,0.68%,"34,784,117,000"
STM,STMicroelectronics N.V. Common Stock,$38.51,1.57,4.25%,"34,773,540,139"
ROK,"Rockwell Automation, Inc. Common Stock",$298.29,2.37,0.801%,"34,624,517,352"
FRC,FIRST REPUBLIC BANK Common Stock,$196.09,2.62,1.354%,"34,572,031,590"
CHWY,"Chewy, Inc. Class A Common Stock",$83.20,0.50,0.605%,"34,562,709,043"
KKR,KKR & Co. Inc. Common Stock,$59.38,0.82,1.40%,"34,546,021,878"
AZO,"AutoZone, Inc. Common Stock",$1591.25,-10.50,-0.656%,"34,283,086,620"
HPQ,HP Inc. Common Stock,$28.52,0.31,1.099%,"34,259,806,803"
CPRT,"Copart, Inc. (DE) Common Stock",$144.40,0.95,0.662%,"34,161,935,111"
NTR,Nutrien Ltd. Common Shares,$59.67,1.09,1.861%,"34,024,317,745"
NET,"Cloudflare, Inc. Class A Common Stock",$109.52,1.84,1.709%,"34,019,760,396"
DDOG,"Datadog, Inc. Class A Common Stock",$108.39,0.87,0.809%,"33,425,682,037"
MTD,"Mettler-Toledo International, Inc. Common Stock",$1432.79,-10.62,-0.736%,"33,340,193,715"
XLNX,"Xilinx, Inc. Common Stock",$135.33,4.23,3.227%,"33,274,499,089"
ZBH,"Zimmer Biomet Holdings, Inc. Common Stock",$159.57,3.94,2.532%,"33,267,488,857"
LBRDK,Liberty Broadband Corporation Class C Common Stock,$174.39,-0.33,-0.189%,"33,009,406,965"
SWK,"Stanley Black & Decker, Inc. Common Stock",$204.26,0.32,0.157%,"32,986,921,107"
DHI,"D.R. Horton, Inc. Common Stock",$91.47,2.41,2.706%,"32,973,428,215"
NOK,Nokia Corporation Sponsored American Depositary Shares,$5.80,-0.01,-0.172%,"32,650,119,800"
WCN,"Waste Connections, Inc. Common Shares",$124.18,0.56,0.453%,"32,496,003,190"
ADM,Archer-Daniels-Midland Company Common Stock,$58.10,0.07,0.121%,"32,460,592,591"
LYB,LyondellBasell Industries NV Ordinary Shares Class A (Netherlands),$97.08,2.08,2.189%,"32,459,082,631"
PSX,Phillips 66 Common Stock,$73.76,2.63,3.697%,"32,297,073,903"
MT,Arcelor Mittal NY Registry Shares NEW,$31.48,1.29,4.273%,"32,135,490,726"
LBRDA,Liberty Broadband Corporation Class A Common Stock,$168.87,-0.19,-0.112%,"31,964,553,897"
PATH,"UiPath, Inc. Class A Common Stock",$62.80,0.52,0.835%,"31,954,585,042"
SWKS,"Skyworks Solutions, Inc. Common Stock",$193.00,3.58,1.89%,"31,862,858,676"
AVB,"AvalonBay Communities, Inc. Common Stock",$228.18,-0.56,-0.245%,"31,854,986,071"
NDAQ,"Nasdaq, Inc. Common Stock",$186.28,5.38,2.974%,"31,722,242,071"
SU,Suncor Energy  Inc. Common Stock,$21.04,0.65,3.188%,"31,696,427,442"
EQR,Equity Residential Common Shares of Beneficial Interest,$84.71,-0.17,-0.20%,"31,681,995,655"
ZS,"Zscaler, Inc. Common Stock",$231.06,1.95,0.851%,"31,652,221,072"
CHT,"Chunghwa Telecom Co., Ltd.",$40.80,0.10,0.246%,"31,650,381,883"
AME,"AMETEK, Inc.",$137.02,0.29,0.212%,"31,640,545,496"
OXY,Occidental Petroleum Corporation Common Stock,$27.18,1.81,7.134%,"31,536,847,101"
LUV,Southwest Airlines Company Common Stock,$53.13,1.70,3.305%,"31,419,837,483"
LEN,Lennar Corporation Class A Common Stock,$100.60,2.10,2.132%,"31,418,987,689"
VFC,V.F. Corporation Common Stock,$79.93,1.76,2.252%,"31,361,032,025"
NWG,NatWest Group plc American Depositary Shares,$5.49,0.23,4.373%,"31,275,853,945"
FERG,Ferguson plc Ordinary Shares,$140.53,1.35,0.97%,"31,267,366,253"
SIVB,SVB Financial Group Common Stock,$574.00,12.35,2.199%,"31,176,890,360"
FAST,Fastenal Company Common Stock,$54.24,0.09,0.166%,"31,173,864,676"
CTVA,"Corteva, Inc. Common Stock ",$42.21,0.48,1.15%,"31,113,033,210"
EFX,"Equifax, Inc. Common Stock",$255.04,-1.54,-0.60%,"31,039,012,231"
EPAM,"EPAM Systems, Inc. Common Stock",$548.24,3.09,0.567%,"30,923,348,912"
ANSS,"ANSYS, Inc. Common Stock",$354.38,3.51,1.00%,"30,884,774,440"
WMB,"Williams Companies, Inc. (The) Common Stock",$25.28,0.25,0.999%,"30,709,192,259"
PCAR,PACCAR Inc. Common Stock,$88.15,0.06,0.068%,"30,601,836,396"
MCK,McKesson Corporation Common Stock,$197.54,3.18,1.636%,"30,552,861,498"
W,Wayfair Inc. Class A Common Stock,$292.21,-5.56,-1.867%,"30,448,076,576"
PEG,Public Service Enterprise Group Incorporated Common Stock,$60.05,-0.62,-1.022%,"30,354,056,345"
VRSK,"Verisk Analytics, Inc. Common Stock",$187.09,-0.34,-0.181%,"30,325,643,731"
LI,Li Auto Inc. American Depositary Shares,$33.41,2.68,8.721%,"30,224,161,219"
KR,Kroger Company (The) Common Stock,$40.11,-0.46,-1.134%,"29,971,719,349"
SLF,Sun Life Financial Inc. Common Stock,$51.08,1.01,2.017%,"29,913,155,100"
ORAN,Orange,$11.23,0.10,0.898%,"29,859,376,071"
TU,Telus Corporation Ordinary Shares,$21.99,0.09,0.411%,"29,796,450,000"
FMX,Fomento Economico Mexicano S.A.B. de C.V. Common Stock,$83.00,1.26,1.541%,"29,699,278,041"
AWK,"American Water Works Company, Inc. Common Stock",$163.49,-3.21,-1.926%,"29,668,398,854"
ODFL,"Old Dominion Freight Line, Inc. Common Stock",$254.41,1.37,0.541%,"29,502,569,914"
STT,State Street Corporation Common Stock,$85.13,2.32,2.802%,"29,242,420,095"
GRMN,Garmin Ltd. Common Stock (Switzerland),$151.97,2.16,1.442%,"29,200,223,220"
KEYS,Keysight Technologies Inc. Common Stock,$158.46,1.87,1.194%,"29,192,449,742"
AMP,"Ameriprise Financial, Inc. Common Stock",$251.12,5.30,2.156%,"29,106,033,214"
WEC,"WEC Energy Group, Inc. Common Stock",$92.10,-1.72,-1.833%,"29,051,520,305"
AJG,Arthur J. Gallagher & Co. Common Stock,$140.85,1.58,1.134%,"29,048,478,633"
VIACA,ViacomCBS Inc. Class A Common Stock,$44.93,0.68,1.537%,"29,037,981,737"
WLTW,Willis Towers Watson Public Limited Company Ordinary Shares,$224.62,4.92,2.239%,"28,970,758,034"
U,Unity Software Inc. Common Stock,$103.31,3.15,3.145%,"28,866,605,189"
GMAB,Genmab A/S ADS,$44.15,0.37,0.845%,"28,860,637,782"
CBRE,CBRE Group Inc Common Stock Class A,$85.96,2.10,2.504%,"28,853,109,244"
ES,Eversource Energy (D/B/A) Common Stock,$83.78,-2.16,-2.513%,"28,775,595,052"
ARE,"Alexandria Real Estate Equities, Inc. Common Stock",$195.00,-0.03,-0.015%,"28,763,729,475"
FNV,Franco-Nevada Corporation,$149.90,0.88,0.591%,"28,634,407,360"
ZBRA,Zebra Technologies Corporation Class A Common Stock,$533.77,14.10,2.713%,"28,562,702,581"
MPLX,MPLX LP Common Units Representing Limited Partner Interests,$27.52,-0.09,-0.326%,"28,332,584,471"
BGNE,"BeiGene, Ltd. American Depositary Shares",$306.62,-10.77,-3.393%,"28,325,879,391"
GNRC,Generac Holdlings Inc. Common Stock,$447.34,10.92,2.502%,"28,162,083,476"
ANET,"Arista Networks, Inc. Common Stock",$367.17,3.48,0.957%,"28,023,080,814"
ZG,"Zillow Group, Inc. Class A Common Stock",$112.69,3.73,3.423%,"27,908,534,155"
NUE,Nucor Corporation Common Stock,$92.90,1.38,1.508%,"27,799,577,527"
BBY,"Best Buy Co., Inc. Common Stock",$110.78,0.17,0.154%,"27,747,398,165"
DISCB,"Discovery, Inc. Series B Common Stock",$54.75,0.20,0.367%,"27,671,055,533"
Z,"Zillow Group, Inc. Class C Capital Stock",$111.66,3.67,3.398%,"27,653,446,834"
YUMC,"Yum China Holdings, Inc. Common Stock",$65.19,0.55,0.851%,"27,418,828,406"
SYF,Synchrony Financial Common Stock,$47.14,1.14,2.478%,"27,416,569,648"
CCEP,Coca-Cola Europacific Partners plc Ordinary Shares,$60.08,1.36,2.316%,"27,387,651,304"
O,Realty Income Corporation Common Stock,$70.18,-0.07,-0.10%,"27,325,887,787"
HUBS,"HubSpot, Inc. Common Stock",$584.49,7.74,1.342%,"27,310,748,814"
WST,"West Pharmaceutical Services, Inc. Common Stock",$367.95,-4.74,-1.272%,"27,163,430,783"
BLL,Ball Corporation Common Stock,$82.70,-1.72,-2.037%,"27,146,648,887"
EC,Ecopetrol S.A. American Depositary Shares,$13.19,0.48,3.777%,"27,116,460,141"
LH,Laboratory Corporation of America Holdings Common Stock,$277.49,0.71,0.257%,"27,110,773,000"
ET,Energy Transfer LP Common Units ,$9.97,0.20,2.047%,"26,964,623,996"
CVNA,Carvana Co. Class A Common Stock,$331.70,6.36,1.955%,"26,858,422,683"
MXIM,"Maxim Integrated Products, Inc. Common Stock",$100.07,2.55,2.615%,"26,855,150,856"
CCL,Carnival Corporation Common Stock,$23.19,2.00,9.438%,"26,853,024,361"
SIRI,Sirius XM Holdings Inc. Common Stock,$6.55,0.02,0.306%,"26,794,517,686"
VIAC,ViacomCBS Inc. Class B Common Stock,$41.30,0.91,2.253%,"26,691,935,138"
DAL,"Delta Air Lines, Inc. Common Stock",$41.61,0.95,2.336%,"26,626,858,074"
VLO,Valero Energy Corporation Common Stock,$64.91,2.34,3.74%,"26,532,622,310"
MGA,"Magna International, Inc. Common Stock",$87.22,1.19,1.383%,"26,297,998,312"
TSN,"Tyson Foods, Inc. Common Stock",$71.47,0.13,0.182%,"26,071,057,663"
SGEN,Seagen Inc. Common Stock,$143.60,-1.70,-1.17%,"26,060,108,114"
VRSN,"VeriSign, Inc. Common Stock",$230.13,0.70,0.305%,"25,916,965,365"
FITB,Fifth Third Bancorp Common Stock,$36.88,0.92,2.558%,"25,893,659,027"
RCI,"Rogers Communication, Inc. Common Stock",$51.26,-1.53,-2.898%,"25,882,471,801"
DB,Deutsche Bank AG Common Stock,$12.45,0.58,4.886%,"25,731,325,481"
ED,"Consolidated Edison, Inc. Common Stock",$72.78,-0.79,-1.074%,"25,696,565,750"
HRL,Hormel Foods Corporation Common Stock,$47.17,-0.70,-1.462%,"25,569,673,316"
WY,Weyerhaeuser Company Common Stock,$34.08,0.43,1.278%,"25,533,247,200"
CAJ,"Canon, Inc. American Depositary Shares",$24.05,-0.72,-2.907%,"25,150,856,162"
RPRX,Royalty Pharma plc Class A Ordinary Shares ,$41.31,0.08,0.194%,"25,082,285,771"
ETSY,"Etsy, Inc. Common Stock",$195.80,0.93,0.477%,"24,886,688,688"
TEF,Telefonica SA Common Stock,$4.41,0.12,2.797%,"24,863,815,966"
CDW,CDW Corporation Common Stock,$177.25,1.01,0.573%,"24,851,077,642"
ABC,AmerisourceBergen Corporation Common Stock,$118.22,1.73,1.485%,"24,520,094,964"
KSU,Kansas City Southern Common Stock,$269.37,3.42,1.286%,"24,503,151,542"
YNDX,Yandex N.V. Class A Ordinary Shares,$69.80,1.23,1.794%,"24,435,194,516"
ENPH,"Enphase Energy, Inc. Common Stock",$179.79,7.70,4.474%,"24,397,303,253"
RNG,"RingCentral, Inc. Class A Common Stock",$267.75,0.86,0.322%,"24,331,248,428"
CUK,Carnival Plc ADS ADS,$20.88,1.93,10.185%,"24,183,433,653"
ZTO,"ZTO Express (Cayman) Inc. American Depositary Shares, each representing one Class A ordinary share.",$29.09,0.19,0.657%,"24,061,139,208"
CS,Credit Suisse Group American Depositary Shares,$10.11,0.30,3.058%,"23,900,143,506"
EXPE,"Expedia Group, Inc. Common Stock",$162.42,6.30,4.035%,"23,870,966,151"
GWW,"W.W. Grainger, Inc. Common Stock",$457.73,-1.80,-0.392%,"23,852,376,671"
OKE,"ONEOK, Inc. Common Stock",$53.46,1.08,2.062%,"23,818,385,139"
TDOC,"Teladoc Health, Inc. Common Stock",$153.32,-1.51,-0.975%,"23,691,892,130"
NTRS,Northern Trust Corporation Common Stock,$113.60,1.80,1.61%,"23,644,731,150"
DOV,Dover Corporation Common Stock,$164.09,1.95,1.203%,"23,617,026,062"
FMS,Fresenius Medical Care AG Common Stock,$40.29,0.43,1.079%,"23,600,926,724"
FTV,Fortive Corporation Common Stock ,$69.56,-0.24,-0.344%,"23,547,836,215"
HES,Hess Corporation Common Stock,$76.30,2.06,2.775%,"23,532,551,141"
CERN,Cerner Corporation Common Stock,$77.69,-0.12,-0.154%,"23,409,323,013"
VMC,Vulcan Materials Company (Holding Company) Common Stock,$176.35,2.01,1.153%,"23,395,516,308"
URI,"United Rentals, Inc. Common Stock",$323.19,11.59,3.72%,"23,391,891,713"
PAYC,"Paycom Software, Inc. Common Stock",$383.02,4.43,1.17%,"23,051,396,841"
RYAAY,Ryanair Holdings plc American Depositary Shares,$102.10,2.00,1.998%,"23,045,706,211"
DLTR,Dollar Tree Inc. Common Stock,$99.09,0.08,0.081%,"22,984,309,176"
XP,XP Inc. Class A Common Stock,$41.06,0.65,1.609%,"22,954,961,103"
IP,International Paper Company Common Stock,$58.47,0.22,0.378%,"22,904,995,935"
WAT,Waters Corporation Common Stock,$370.67,-1.45,-0.39%,"22,870,523,594"
MKC,"McCormick & Company, Incorporated Common Stock",$85.56,-2.14,-2.44%,"22,867,634,804"
UMC,United Microelectronics Corporation (NEW) Common Stock,$9.16,-0.19,-2.032%,"22,757,106,730"
MDB,"MongoDB, Inc. Class A Common Stock",$351.16,8.82,2.576%,"22,699,014,004"
VTR,"Ventas, Inc. Common Stock",$60.40,0.32,0.533%,"22,661,936,248"
INVH,Invitation Homes Inc. Common Stock,$39.92,-0.33,-0.82%,"22,660,605,325"
SPLK,Splunk Inc. Common Stock,$137.05,-0.82,-0.595%,"22,464,876,244"
EXR,Extra Space Storage Inc Common Stock,$167.45,-3.20,-1.875%,"22,392,830,627"
HIG,"Hartford Financial Services Group, Inc. (The) Common Stock",$62.61,0.28,0.449%,"22,363,729,387"
GIB,CGI Inc. Common Stock,$90.12,0.01,0.011%,"22,343,281,904"
PKX,POSCO Common Stock,$73.25,1.12,1.553%,"22,304,763,296"
DTE,DTE Energy Company Common Stock,$115.04,-1.08,-0.93%,"22,286,395,609"
CLX,Clorox Company (The) Common Stock,$178.84,-3.55,-1.946%,"22,242,694,739"
ALB,Albemarle Corporation Common Stock,$190.22,2.97,1.586%,"22,202,825,742"
KMX,CarMax Inc,$135.93,1.55,1.153%,"22,147,762,298"
IT,"Gartner, Inc. Common Stock",$256.58,0.90,0.352%,"22,085,515,811"
DISH,DISH Network Corporation Class A Common Stock,$41.83,0.96,2.349%,"22,073,881,619"
XYL,Xylem Inc. Common Stock New,$122.43,0.90,0.741%,"22,042,491,864"
TLK,"PT Telekomunikasi Indonesia, Tbk",$22.23,0.22,1.00%,"22,021,530,750"
TRU,TransUnion Common Stock,$115.09,-0.34,-0.295%,"22,013,566,641"
MLM,"Martin Marietta Materials, Inc. Common Stock",$352.51,5.52,1.591%,"21,985,661,997"
CNHI,CNH Industrial N.V. Common Shares,$16.16,0.50,3.193%,"21,884,558,881"
APP,Applovin Corporation Class A Common Stock,$59.83,-1.02,-1.676%,"21,818,362,795"
EXPD,"Expeditors International of Washington, Inc. Common Stock",$128.94,0.32,0.249%,"21,776,136,599"
BURL,"Burlington Stores, Inc. Common Stock",$325.88,7.15,2.243%,"21,697,142,541"
LU,"Lufax Holding Ltd American Depositary Shares, two of which representing one Ordinary Share",$8.79,-0.02,-0.227%,"21,643,626,845"
HZNP,Horizon Therapeutics Public Limited Company Ordinary Shares,$96.17,1.94,2.059%,"21,615,991,550"
PPL,PPL Corporation Common Stock,$28.09,-0.11,-0.39%,"21,613,229,121"
QRVO,"Qorvo, Inc. Common Stock",$194.07,4.37,2.304%,"21,592,672,038"
K,Kellogg Company Common Stock,$63.31,-1.09,-1.693%,"21,556,823,032"
ESS,"Essex Property Trust, Inc. Common Stock",$330.53,-0.20,-0.06%,"21,484,089,722"
AVTR,"Avantor, Inc. Common Stock",$36.84,-0.31,-0.834%,"21,445,972,135"
LNG,"Cheniere Energy, Inc. Common Stock",$84.36,0.76,0.909%,"21,388,409,243"
TER,"Teradyne, Inc. Common Stock",$128.46,4.68,3.781%,"21,358,571,596"
FUTU,Futu Holdings Limited American Depositary Shares,$145.48,7.53,5.458%,"21,337,902,352"
EIX,Edison International Common Stock,$56.20,-0.65,-1.143%,"21,324,418,579"
MAA,"Mid-America Apartment Communities, Inc. Common Stock",$185.76,-0.87,-0.466%,"21,267,064,996"
IX,Orix Corp Ads Common Stock,$87.56,1.29,1.495%,"21,262,998,951"
FLT,"FleetCor Technologies, Inc. Common Stock",$254.83,4.24,1.692%,"21,239,968,375"
ALNY,"Alnylam Pharmaceuticals, Inc. Common Stock",$180.09,-3.08,-1.681%,"21,168,686,254"
SUI,"Sun Communities, Inc. Common Stock",$186.59,-0.67,-0.358%,"21,155,320,064"
AEE,Ameren Corporation Common Stock,$82.30,-1.68,-2.00%,"21,031,980,544"
FOXA,Fox Corporation Class A Common Stock,$36.19,1.22,3.489%,"20,997,713,370"
STE,STERIS plc (Ireland) Ordinary Shares,$209.85,1.50,0.72%,"20,917,179,208"
TSCO,Tractor Supply Company Common Stock,$181.15,-2.49,-1.356%,"20,878,619,690"
FTS,Fortis Inc. Common Shares,$44.45,0.09,0.203%,"20,864,830,000"
CHD,"Church & Dwight Company, Inc. Common Stock",$84.94,-2.05,-2.357%,"20,831,186,916"
HBAN,Huntington Bancshares Incorporated Common Stock,$14.05,0.32,2.331%,"20,752,593,568"
TRMB,Trimble Inc. Common Stock,$82.44,1.75,2.169%,"20,689,560,618"
TDY,Teledyne Technologies Incorporated Common Stock,$442.38,5.91,1.354%,"20,588,527,111"
ZI,ZoomInfo Technologies Inc. Class A Common Stock,$52.34,-0.16,-0.305%,"20,483,768,373"
AMC,"AMC Entertainment Holdings, Inc. Class A Common Stock",$40.78,-2.31,-5.361%,"20,462,598,187"
FE,FirstEnergy Corp. Common Stock,$37.54,-0.08,-0.213%,"20,418,022,217"
LOGI,Logitech International S.A. Ordinary Shares,$121.18,3.15,2.669%,"20,411,556,534"
IR,Ingersoll Rand Inc. Common Stock,$48.63,0.48,0.997%,"20,397,989,713"
CQP,"Cheniere Energy Partners, LP Cheniere Energy Partners, LP Common Units",$42.07,-1.28,-2.953%,"20,362,768,645"
TW,Tradeweb Markets Inc. Class A Common Stock,$87.61,0.80,0.922%,"20,345,197,294"
ETR,Entergy Corporation Common Stock,$101.15,-1.20,-1.172%,"20,296,753,740"
TXG,"10x Genomics, Inc. Class A Common Stock",$184.06,2.08,1.143%,"20,209,657,133"
EXAS,Exact Sciences Corporation Common Stock,$117.77,0.44,0.375%,"20,203,520,051"
RCL,D/B/A Royal Caribbean Cruises Ltd. Common Stock,$78.90,4.01,5.355%,"20,085,624,837"
LB,"L Brands, Inc.",$75.76,1.30,1.746%,"20,057,353,936"
AGR,"Avangrid, Inc. Common Stock",$51.49,-0.87,-1.662%,"19,936,459,750"
WPM,Wheaton Precious Metals Corp Common Shares (Canada),$44.15,0.54,1.238%,"19,869,666,573"
TTWO,"Take-Two Interactive Software, Inc. Common Stock",$170.90,0.88,0.518%,"19,853,670,727"
IMO,Imperial Oil Limited Common Stock,$26.98,0.44,1.658%,"19,805,390,850"
TYL,"Tyler Technologies, Inc. Common Stock",$485.68,-1.61,-0.33%,"19,785,972,787"
COO,"The Cooper Companies, Inc. Common Stock",$401.50,-0.82,-0.204%,"19,773,050,319"
TME,"Tencent Music Entertainment Group American Depositary Shares, each representing two Class A Ordinary Shares",$11.67,0.12,1.039%,"19,752,313,711"
WDC,Western Digital Corporation Common Stock,$64.45,-0.19,-0.294%,"19,750,888,503"
BIO,"Bio-Rad Laboratories, Inc. Class A Common Stock",$663.05,-5.37,-0.803%,"19,734,764,263"
BR,"Broadridge Financial Solutions, Inc.Common Stock",$169.70,0.55,0.325%,"19,706,529,254"
FOX,Fox Corporation Class B Common Stock,$33.88,1.01,3.073%,"19,657,433,793"
NVCR,NovoCure Limited Ordinary Shares,$190.00,0.50,0.264%,"19,648,539,730"
DKNG,DraftKings Inc. Class A Common Stock,$48.88,3.06,6.678%,"19,632,355,103"
CZR,"Caesars Entertainment, Inc. Common Stock",$93.99,2.69,2.946%,"19,615,583,576"
SKM,"SK Telecom Co., Ltd. Common Stock",$30.55,-0.96,-3.047%,"19,585,203,970"
MGM,MGM Resorts International Common Stock,$39.86,1.47,3.829%,"19,552,753,241"
PEAK,"Healthpeak Properties, Inc. Common Stock",$36.13,0.13,0.361%,"19,471,677,435"
ALLY,Ally Financial Inc. Common Stock,$52.52,1.62,3.183%,"19,468,143,694"
CRL,"Charles River Laboratories International, Inc. Common Stock",$385.77,0.29,0.075%,"19,386,028,057"
UI,Ubiquiti Inc. Common Stock,$308.49,1.07,0.348%,"19,377,529,730"
CTLT,"Catalent, Inc. Common Stock",$113.54,0.85,0.754%,"19,340,579,928"
QSR,Restaurant Brands International Inc. Common Shares,$63.62,0.87,1.386%,"19,284,065,538"
AKAM,"Akamai Technologies, Inc. Common Stock",$117.62,0.08,0.068%,"19,171,081,990"
WMG,Warner Music Group Corp. Class A Common Stock,$37.04,0.19,0.516%,"19,052,734,430"
SSNC,"SS&C Technologies Holdings, Inc. Common Stock",$74.30,0.54,0.732%,"19,003,903,214"
DRI,"Darden Restaurants, Inc. Common Stock",$145.00,3.13,2.206%,"18,972,187,730"
DRE,Duke Realty Corporation Common Stock,$50.57,-0.50,-0.979%,"18,963,005,104"
CINF,Cincinnati Financial Corporation Common Stock,$117.64,0.47,0.401%,"18,951,407,788"
XM,Qualtrics International Inc. Class A Common Stock,$36.86,-0.94,-2.487%,"18,910,537,701"
STX,Seagate Technology Holdings PLC Ordinary Shares (Ireland),$82.60,-2.89,-3.381%,"18,904,939,949"
PCG,Pacific Gas & Electric Co. Common Stock,$9.49,0.07,0.743%,"18,838,653,121"
KEY,KeyCorp Common Stock,$19.41,0.31,1.623%,"18,837,782,292"
ASX,"ASE Technology Holding Co., Ltd. American Depositary Shares (each representing Two Common Shares) ",$8.74,0.11,1.275%,"18,819,348,330"
PAGS,PagSeguro Digital Ltd. Class A Common Shares,$57.13,1.82,3.291%,"18,796,077,874"
CFG,"Citizens Financial Group, Inc. Common Stock",$44.00,1.33,3.117%,"18,740,926,996"
SNN,"Smith & Nephew SNATS, Inc. Common Stock",$42.63,1.47,3.571%,"18,738,866,329"
BILL,"Bill.com Holdings, Inc. Common Stock",$200.42,6.01,3.091%,"18,718,046,324"
ULTA,"Ulta Beauty, Inc. Common Stock",$341.65,7.15,2.138%,"18,707,919,007"
HEI,Heico Corporation Common Stock,$137.88,1.24,0.907%,"18,662,864,736"
GPC,Genuine Parts Company Common Stock,$129.17,0.84,0.655%,"18,661,476,141"
PODD,Insulet Corporation Common Stock,$271.48,-1.42,-0.52%,"18,599,933,402"
TCOM,Trip.com Group Limited American Depositary Shares,$29.16,0.27,0.935%,"18,588,228,974"
HPE,Hewlett Packard Enterprise Company Common Stock,$14.23,0.26,1.861%,"18,583,348,908"
MPWR,"Monolithic Power Systems, Inc. Common Stock",$405.30,12.94,3.298%,"18,544,096,200"
RF,Regions Financial Corporation Common Stock,$19.24,0.33,1.745%,"18,495,131,019"
HAL,Halliburton Company Common Stock,$20.77,0.70,3.488%,"18,479,461,678"
ROL,"Rollins, Inc. Common Stock",$37.40,0.08,0.214%,"18,405,419,498"
LYFT,"Lyft, Inc. Class A Common Stock",$55.77,2.82,5.326%,"18,369,083,802"
POOL,Pool Corporation Common Stock,$457.69,5.18,1.145%,"18,367,744,128"
STNE,StoneCo Ltd. Class A Common Shares,$59.30,1.64,2.844%,"18,348,390,860"
TFX,Teleflex Incorporated Common Stock,$390.89,4.74,1.228%,"18,267,334,940"
BXP,"Boston Properties, Inc. Common Stock",$117.04,1.00,0.862%,"18,266,930,454"
DPZ,Domino's Pizza Inc Common Stock,$470.37,-4.60,-0.968%,"18,263,711,215"
TECH,Bio-Techne Corp Common Stock,$463.14,-3.89,-0.833%,"18,012,284,802"
YMM,Full Truck Alliance Co. Ltd. American Depositary Shares (each representing 20 Class A Ordinary Shares),$16.56,0.21,1.284%,"17,981,604,825"
HOLX,"Hologic, Inc. Common Stock",$70.00,-0.17,-0.242%,"17,936,311,890"
RJF,"Raymond James Financial, Inc. Common Stock",$130.52,3.40,2.675%,"17,935,811,195"
DVN,Devon Energy Corporation Common Stock,$26.34,1.01,3.987%,"17,829,546,000"
NVR,"NVR, Inc. Common Stock",$4893.76,-6.51,-0.133%,"17,799,123,859"
CMS,CMS Energy Corporation Common Stock,$61.04,-0.90,-1.453%,"17,668,611,542"
PKI,"PerkinElmer, Inc. Common Stock",$156.63,1.25,0.804%,"17,556,840,740"
AMCR,Amcor plc Ordinary Shares,$11.36,0.10,0.888%,"17,514,767,889"
DT,"Dynatrace, Inc. Common Stock",$61.60,1.13,1.869%,"17,507,836,562"
LYV,"Live Nation Entertainment, Inc. Common Stock",$80.00,3.01,3.91%,"17,494,658,640"
NTAP,"NetApp, Inc. Common Stock",$78.30,0.06,0.077%,"17,477,921,950"
NICE,NICE Ltd American Depositary Shares,$276.67,3.58,1.311%,"17,463,809,081"
PBA,Pembina Pipeline Corp. Ordinary Shares (Canada),$31.74,0.86,2.785%,"17,458,027,583"
BPY,Brookfield Property Partners L.P. Limited Partnership Units,$18.67,0.21,1.138%,"17,415,711,575"
J,Jacobs Engineering Group Inc. Common Stock,$133.69,1.46,1.104%,"17,408,495,890"
INCY,Incyte Corp. Common Stock,$79.14,-0.07,-0.088%,"17,404,743,970"
KB,KB Financial Group Inc,$44.57,0.02,0.045%,"17,366,002,311"
MKTX,"MarketAxess Holdings, Inc. Common Stock",$455.85,-4.65,-1.01%,"17,314,411,060"
JBHT,"J.B. Hunt Transport Services, Inc. Common Stock",$163.63,-0.71,-0.432%,"17,290,946,712"
IEX,IDEX Corporation Common Stock,$227.46,-0.83,-0.364%,"17,271,272,539"
VICI,VICI Properties Inc. Common Stock,$32.02,0.35,1.105%,"17,195,271,820"
PFG,Principal Financial Group Inc Common Stock,$63.06,1.49,2.42%,"17,153,103,899"
PTC,PTC Inc. Common Stock,$146.50,3.54,2.476%,"17,119,229,079"
MTB,M&T Bank Corporation Common Stock,$133.05,-1.99,-1.474%,"17,117,375,051"
SHG,Shinhan Financial Group Co Ltd American Depositary Shares,$33.09,UNCH,--,"17,094,069,120"
CE,Celanese Corporation Celanese Corporation Common Stock,$151.47,0.47,0.311%,"17,060,453,863"
ICLR,ICON plc Ordinary Shares,$214.07,-1.81,-0.838%,"17,037,572,918"
CAH,"Cardinal Health, Inc. Common Stock",$58.60,0.91,1.577%,"17,002,668,522"
VTRS,Viatris Inc. Common Stock,$14.06,0.17,1.224%,"16,993,696,372"
NUAN,"Nuance Communications, Inc. Common Stock",$55.01,-0.04,-0.073%,"16,953,786,541"
MKL,Markel Corporation Common Stock,$1231.25,17.70,1.459%,"16,939,728,344"
FTCH,Farfetch Limited Class A Ordinary Shares,$47.60,0.31,0.656%,"16,887,218,172"
ELAN,Elanco Animal Health Incorporated Common Stock,$35.67,0.14,0.394%,"16,871,766,000"
AVY,Avery Dennison Corporation Common Stock,$203.09,2.34,1.166%,"16,858,039,683"
WIX,Wix.com Ltd. Ordinary Shares,$297.32,1.62,0.548%,"16,771,015,760"
GRUB,Just Eat Takeaway.com N.V. American Depositary Shares,$15.81,0.22,1.411%,"16,768,180,860"
BSY,"Bentley Systems, Incorporated Class B Common Stock",$60.59,-0.15,-0.247%,"16,766,537,387"
ZEN,"Zendesk, Inc. Common Stock",$140.39,1.75,1.262%,"16,657,238,262"
CAG,"ConAgra Brands, Inc. Common Stock",$34.52,-0.49,-1.40%,"16,567,765,780"
DGX,Quest Diagnostics Incorporated Common Stock,$135.78,-0.49,-0.36%,"16,506,198,485"
COUP,Coupa Software Incorporated Common Stock,$223.48,-2.19,-0.97%,"16,431,439,184"
XPO,"XPO Logistics, Inc.",$143.16,1.76,1.245%,"16,406,094,197"
ARGX,argenx SE American Depositary Shares,$319.00,8.63,2.781%,"16,366,489,590"
CHKP,Check Point Software Technologies Ltd. Ordinary Shares,$123.22,1.40,1.149%,"16,363,396,052"
CG,The Carlyle Group Inc. Common Stock,$46.07,1.18,2.629%,"16,326,837,090"
CVE,Cenovus Energy Inc Common Stock,$8.09,0.30,3.851%,"16,321,264,150"
AES,The AES Corporation Common Stock,$24.36,0.26,1.079%,"16,230,028,656"
ENTG,"Entegris, Inc. Common Stock",$119.63,3.14,2.696%,"16,209,983,673"
PPD,"PPD, Inc. Common Stock",$45.99,-0.06,-0.13%,"16,151,489,093"
UDR,"UDR, Inc. Common Stock",$54.35,0.18,0.332%,"16,133,635,754"
HTHT,Huazhu Group Limited American Depositary Shares,$49.74,0.84,1.718%,"16,098,415,364"
AFRM,"Affirm Holdings, Inc. Class A Common Stock",$60.63,3.22,5.609%,"16,072,606,718"
CLVT,Clarivate Plc Ordinary Shares,$24.97,0.26,1.052%,"16,016,180,268"
BIP,Brookfield Infrastructure Partners LP Limited Partnership Units,$54.14,-0.10,-0.184%,"16,000,456,772"
NTCO,Natura &Co Holding S.A. American Depositary Shares ,$23.19,0.46,2.024%,"15,969,183,162"
PLUG,"Plug Power, Inc. Common Stock",$28.05,1.19,4.43%,"15,941,305,987"
OMC,Omnicom Group Inc. Common Stock,$73.70,0.63,0.862%,"15,851,452,823"
ON,ON Semiconductor Corporation Common Stock,$36.87,1.36,3.83%,"15,743,788,647"
WPP,WPP plc American Depositary Shares,$65.60,2.01,3.161%,"15,738,913,638"
TTM,Tata Motors Ltd Tata Motors Limited,$20.52,0.08,0.391%,"15,713,438,949"
NMR,Nomura Holdings Inc ADR American Depositary Shares,$5.06,0.06,1.20%,"15,655,375,109"
BKR,Baker Hughes Company Class A Common Stock,$20.23,0.19,0.948%,"15,654,855,846"
WAB,Westinghouse Air Brake Technologies Corporation Common Stock,$82.64,0.90,1.101%,"15,618,768,440"
NVAX,"Novavax, Inc. Common Stock",$210.23,3.04,1.467%,"15,576,873,070"
UAL,"United Airlines Holdings, Inc. Common Stock",$48.10,1.78,3.843%,"15,565,677,797"
FICO,Fair Isaac Corproation Common Stock,$540.83,7.53,1.412%,"15,563,392,980"
LSXMA,Liberty Media Corporation Series A Liberty SiriusXM Common Stock,$46.35,0.53,1.157%,"15,553,536,105"
ACGL,Arch Capital Group Ltd. Common Stock,$38.48,0.59,1.557%,"15,531,262,237"
ATUS,"Altice USA, Inc. Class A Common Stock",$33.76,0.09,0.267%,"15,523,340,457"
TXT,Textron Inc. Common Stock,$68.66,1.59,2.371%,"15,497,171,358"
LSXMK,Liberty Media Corporation Series C Liberty SiriusXM Common Stock,$46.05,0.53,1.164%,"15,452,865,968"
ELP,Companhia Paranaense de Energia (COPEL) American Depositary Shares (each representing one Unit consisting one Common Share and four non-voting Class B Preferred Shares),$5.64,0.06,1.075%,"15,434,163,150"
LKQ,LKQ Corporation Common Stock,$50.92,0.87,1.738%,"15,385,981,344"
LSXMB,Liberty Media Corporation Series B Liberty SiriusXM Common Stock,$45.70,UNCH,--,"15,335,417,475"
JHX,James Hardie Industries plc American Depositary Shares (Ireland),$34.48,0.65,1.921%,"15,319,080,376"
ENIA,Enel Americas S.A. American Depositary Shares,$7.09,0.09,1.286%,"15,212,544,854"
MAS,Masco Corporation Common Stock,$59.50,0.37,0.626%,"15,100,258,194"
BEN,"Franklin Resources, Inc. Common Stock",$29.92,0.60,2.046%,"15,089,334,765"
BRO,"Brown & Brown, Inc. Common Stock",$53.27,-0.12,-0.225%,"15,014,054,733"
MOH,Molina Healthcare Inc Common Stock,$256.50,2.29,0.901%,"14,979,600,000"
EMN,Eastman Chemical Company Common Stock,$109.84,1.65,1.525%,"14,973,775,656"
LDOS,"Leidos Holdings, Inc. Common Stock",$105.65,0.70,0.667%,"14,941,039,798"
CGNX,Cognex Corporation Common Stock,$84.60,0.99,1.184%,"14,941,018,273"
ELS,"Equity Lifestyle Properties, Inc. Common Stock",$81.74,0.27,0.331%,"14,902,431,288"
NLOK,NortonLifeLock Inc. Common Stock,$25.59,-0.22,-0.852%,"14,874,653,775"
AEM,Agnico Eagle Mines Limited Common Stock,$61.18,0.22,0.361%,"14,869,168,907"
LBTYB,Liberty Global plc Class B Ordinary Shares,$26.50,UNCH,--,"14,856,627,982"
SUZ,Suzano S.A. American Depositary Shares (each representing One Ordinary Share),$10.96,0.12,1.107%,"14,787,468,517"
MASI,Masimo Corporation Common Stock,$267.98,0.96,0.36%,"14,739,015,767"
LBTYK,Liberty Global plc Class C Ordinary Shares,$26.24,0.28,1.079%,"14,710,864,839"
LBTYA,Liberty Global plc Class A Ordinary Shares,$26.20,0.47,1.827%,"14,688,439,740"
EVRG,"Evergy, Inc. Common Stock",$63.91,-0.09,-0.141%,"14,652,486,053"
ABMD,"ABIOMED, Inc. Common Stock",$322.85,-0.74,-0.229%,"14,639,619,045"
CNP,"CenterPoint Energy, Inc (Holding Co) Common Stock",$25.17,-0.07,-0.277%,"14,611,080,620"
BMRN,BioMarin Pharmaceutical Inc. Common Stock,$79.65,0.15,0.189%,"14,555,445,939"
DISCA,"Discovery, Inc. Series A Common Stock",$28.79,0.66,2.346%,"14,550,679,248"
NWSA,News Corporation Class A Common Stock,$24.61,0.29,1.192%,"14,539,877,340"
CDAY,Ceridian HCM Holding Inc. Common Stock,$97.41,-0.19,-0.195%,"14,537,246,500"
IEP,"Icahn Enterprises, L.P. Common Stock",$57.42,0.24,0.42%,"14,498,152,654"
OSH,"Oak Street Health, Inc. Common Stock",$60.20,1.22,2.068%,"14,495,096,567"
SJR,Shaw Communications Inc. Common Stock,$28.94,0.29,1.012%,"14,435,889,174"
GDDY,GoDaddy Inc. Class A Common Stock,$85.43,1.04,1.232%,"14,365,544,697"
FANG,"Diamondback Energy, Inc. Commmon Stock",$79.34,4.42,5.90%,"14,364,399,970"
LNT,Alliant Energy Corporation Common Stock,$57.42,-0.89,-1.526%,"14,362,725,976"
CPT,Camden Property Trust Common Stock,$146.40,-0.39,-0.266%,"14,300,737,618"
L,Loews Corporation Common Stock,$54.11,0.78,1.463%,"14,240,431,229"
LUMN,"Lumen Technologies, Inc. Common Stock",$12.85,UNCH,--,"14,203,266,113"
RH,RH Common Stock,$673.61,13.83,2.096%,"14,166,270,230"
WPC,W. P. Carey Inc. REIT,$78.86,-0.61,-0.768%,"14,166,157,496"
CTXS,"Citrix Systems, Inc. Common Stock",$114.04,-0.68,-0.593%,"14,160,009,812"
HWM,Howmet Aerospace Inc. Common Stock,$32.87,0.98,3.073%,"14,115,200,802"
BZ,KANZHUN LIMITED American Depository Shares,$35.28,0.26,0.742%,"14,110,238,646"
MQ,"Marqeta, Inc. Class A Common Stock",$26.60,0.53,2.033%,"14,104,540,967"
KEP,Korea Electric Power Corporation Common Stock,$10.98,-0.08,-0.723%,"14,097,531,131"
WB,Weibo Corporation American Depositary Share,$61.78,1.11,1.83%,"14,076,440,235"
SJM,J.M. Smucker Company (The) New Common Stock,$129.54,-2.97,-2.241%,"14,037,187,442"
AGL,"agilon health, inc. Common Stock",$35.75,0.95,2.73%,"13,972,264,020"
XRAY,DENTSPLY SIRONA Inc. Common Stock,$63.76,1.18,1.886%,"13,919,963,395"
SBNY,Signature Bank Common Stock,$240.77,5.27,2.238%,"13,915,001,428"
PHM,"PulteGroup, Inc. Common Stock",$52.85,0.64,1.226%,"13,897,759,495"
OTEX,Open Text Corporation Common Shares,$50.75,0.33,0.655%,"13,864,778,403"
GDS,GDS Holdings Limited ADS,$74.00,-0.40,-0.538%,"13,830,418,626"
GME,GameStop Corporation Common Stock,$185.81,-5.37,-2.809%,"13,820,408,443"
NWS,News Corporation Class B Common Stock,$23.38,0.32,1.388%,"13,813,178,879"
TAL,TAL Education Group American Depositary Shares,$21.33,2.15,11.21%,"13,755,311,005"
CCK,"Crown Holdings, Inc.",$101.78,-0.96,-0.934%,"13,730,015,843"
AAL,American Airlines Group Inc. Common Stock,$21.40,0.84,4.086%,"13,725,598,832"
AVLR,"Avalara, Inc. Common Stock",$159.51,4.43,2.857%,"13,712,989,681"
AAP,Advance Auto Parts Inc Advance Auto Parts Inc W/I,$209.40,-0.83,-0.395%,"13,702,899,378"
IPG,"Interpublic Group of Companies, Inc. (The) Common Stock",$34.81,3.54,11.321%,"13,693,406,307"
DISCK,"Discovery, Inc. Series C Common Stock",$27.09,0.64,2.42%,"13,691,486,656"
WHR,Whirlpool Corporation Common Stock,$217.25,4.07,1.909%,"13,605,226,938"
WRB,W.R. Berkley Corporation Common Stock,$76.50,0.65,0.857%,"13,569,611,922"
FMC,FMC Corporation Common Stock,$105.26,1.92,1.858%,"13,565,548,495"
FBHS,"Fortune Brands Home & Security, Inc. Common Stock",$97.72,1.80,1.877%,"13,543,829,003"
DLO,DLocal Limited Class A Common Shares,$46.16,-1.13,-2.39%,"13,520,991,712"
CPB,Campbell Soup Company Common Stock,$44.59,-0.69,-1.524%,"13,513,065,850"
APO,"Apollo Global Management, Inc. Class A Common Stock",$58.13,0.70,1.219%,"13,504,725,094"
SEDG,"SolarEdge Technologies, Inc. Common Stock",$258.96,13.20,5.371%,"13,459,755,457"
SOFI,"SoFi Technologies, Inc. Common Stock  ",$16.56,1.50,9.96%,"13,432,540,053"
MHK,"Mohawk Industries, Inc. Common Stock",$192.64,6.12,3.281%,"13,428,550,276"
VIV,Telefonica Brasil S.A. American Depositary Shares (Each representing One Common Share),$7.96,0.03,0.378%,"13,424,246,045"
AMH,American Homes 4 Rent Common Shares of Beneficial Interest,$41.51,-0.37,-0.883%,"13,399,467,808"
NEOG,Neogen Corporation Common Stock,$44.32,-0.03,-0.068%,"13,387,396,571"
GGG,Graco Inc. Common Stock,$78.32,1.29,1.675%,"13,270,154,526"
CBOE,"Cboe Global Markets, Inc. Common Stock",$118.30,2.74,2.371%,"13,228,158,125"
ESTC,Elastic N.V. Ordinary Shares,$144.25,1.48,1.037%,"13,199,290,440"
EBR,Centrais Electricas Brasileiras S A American Depositary Shares (Each representing one Common Share),$8.40,0.01,0.119%,"13,179,019,644"
UHS,"Universal Health Services, Inc. Common Stock",$153.61,0.44,0.287%,"13,092,090,438"
VEDL,Vedanta Limited  American Depositary Shares (Each representing four equity shares),$14.06,0.31,2.255%,"13,067,029,611"
NDSN,Nordson Corporation Common Stock,$224.52,0.60,0.268%,"13,051,041,579"
WRK,Westrock Company Common Stock,$48.75,0.25,0.515%,"12,973,171,721"
HAS,"Hasbro, Inc. Common Stock",$94.22,0.22,0.234%,"12,961,715,094"
SQM,Sociedad Quimica y Minera S.A. Common Stock,$49.00,1.25,2.618%,"12,899,078,745"
EQH,"Equitable Holdings, Inc. Common Stock",$30.09,0.76,2.591%,"12,886,726,927"
MTN,"Vail Resorts, Inc. Common Stock",$319.27,9.98,3.227%,"12,867,301,592"
FDS,FactSet Research Systems Inc. Common Stock,$340.49,0.56,0.165%,"12,863,590,645"
ATO,Atmos Energy Corporation Common Stock,$98.25,-1.24,-1.246%,"12,849,818,820"
JKHY,"Jack Henry & Associates, Inc. Common Stock",$173.13,-0.50,-0.288%,"12,843,748,600"
CLR,"Continental Resources, Inc. Common Stock",$34.86,2.07,6.313%,"12,812,256,086"
FIVN,"Five9, Inc. Common Stock",$189.19,-0.61,-0.321%,"12,805,168,690"
DVA,DaVita Inc. Common Stock,$120.10,0.69,0.578%,"12,754,620,000"
WYNN,"Wynn Resorts, Limited Common stock",$109.59,3.02,2.834%,"12,674,973,700"
IRM,Iron Mountain Incorporated (Delaware)Common Stock REIT,$43.89,0.10,0.228%,"12,672,407,584"
ALLE,Allegion plc Ordinary Shares,$140.47,-0.88,-0.623%,"12,639,223,286"
FNF,"FNF Group of Fidelity National Financial, Inc. Common Stock",$43.70,0.22,0.506%,"12,631,600,062"
PKG,Packaging Corporation of America Common Stock,$132.82,0.24,0.181%,"12,617,111,846"
ASAN,"Asana, Inc. Class A Common Stock",$69.69,1.39,2.035%,"12,589,091,092"
STLD,"Steel Dynamics, Inc.",$59.45,0.34,0.575%,"12,556,966,934"
VIPS,"Vipshop Holdings Limited American Depositary Shares, each representing two ordinary shares",$18.15,0.12,0.666%,"12,480,171,231"
PWR,"Quanta Services, Inc. Common Stock",$89.55,1.25,1.416%,"12,478,442,539"
SC,Santander Consumer USA Holdings Inc. Common Stock,$40.77,0.19,0.468%,"12,477,076,916"
BKI,"Black Knight, Inc. Common Stock ",$79.34,-0.17,-0.214%,"12,425,740,637"
IAC,IAC/InterActiveCorp Common Stock,$139.28,4.77,3.546%,"12,416,430,094"
CHRW,"C.H. Robinson Worldwide, Inc. Common Stock",$93.14,0.03,0.032%,"12,386,564,724"
MPW,"Medical Properties Trust, Inc. common stock",$21.05,0.13,0.621%,"12,381,610,000"
GDRX,"GoodRx Holdings, Inc. Class A Common Stock",$31.35,0.52,1.687%,"12,318,829,449"
ATH,Athene Holding Ltd. Class A Common Shares,$63.97,0.74,1.17%,"12,265,788,259"
PCOR,"Procore Technologies, Inc. Common Stock",$95.23,0.23,0.242%,"12,202,274,528"
BRKR,Bruker Corporation Common Stock,$80.19,-0.75,-0.927%,"12,150,478,132"
CHGG,"Chegg, Inc. Common Stock",$85.56,0.69,0.813%,"12,143,965,873"
SNA,Snap-On Incorporated Common Stock,$224.03,0.77,0.345%,"12,115,538,816"
LII,"Lennox International, Inc. Common Stock",$320.70,-4.92,-1.511%,"12,114,972,617"
CNA,CNA Financial Corporation Common Stock,$44.58,0.41,0.928%,"12,110,462,284"
CX,"Cemex, S.A.B. de C.V. Sponsored ADR",$8.22,0.36,4.58%,"12,107,213,932"
SID,Companhia Siderurgica Nacional S.A. Common Stock,$8.75,0.26,3.062%,"12,076,002,286"
S,"SentinelOne, Inc. Class A Common Stock",$47.10,-0.35,-0.738%,"12,075,087,241"
GH,"Guardant Health, Inc. Common Stock",$119.21,2.16,1.845%,"12,054,669,815"
NLY,Annaly Capital Management Inc Common Stock,$8.60,0.05,0.585%,"12,027,137,350"
BAH,Booz Allen Hamilton Holding Corporation Common Stock,$88.80,-0.39,-0.437%,"12,022,591,685"
SBSW,D/B/A Sibanye-Stillwater Limited ADS,$16.25,0.52,3.306%,"11,994,877,456"
IHG,Intercontinental Hotels Group American Depositary Shares (Each representing one Ordinary Share),$65.39,2.07,3.269%,"11,980,514,642"
RDY,Dr. Reddy's Laboratories Ltd Common Stock,$72.07,0.48,0.67%,"11,948,120,121"
WSM,"Williams-Sonoma, Inc. Common Stock (DE)",$158.93,-0.06,-0.038%,"11,938,674,908"
DBX,"Dropbox, Inc. Class A Common Stock",$30.52,0.02,0.066%,"11,929,580,262"
TTC,Toro Company (The) Common Stock,$111.42,-0.55,-0.491%,"11,929,006,479"
TS,Tenaris S.A. American Depositary Shares,$20.19,0.64,3.274%,"11,917,519,299"
FND,"Floor & Decor Holdings, Inc. Common Stock",$113.37,3.73,3.402%,"11,893,851,333"
IVZ,Invesco Ltd Common Stock,$25.66,0.53,2.109%,"11,840,834,944"
TPL,Texas Pacific Land Corporation Common Stock,$1524.04,32.47,2.177%,"11,820,691,990"
ZLAB,Zai Lab Limited American Depositary Shares,$156.12,-5.50,-3.403%,"11,767,624,777"
AXON,"Axon Enterprise, Inc. Common Stock",$181.45,0.89,0.493%,"11,736,977,848"
LNC,Lincoln National Corporation Common Stock,$61.44,2.05,3.452%,"11,696,529,162"
WTRG,"Essential Utilities, Inc. Common Stock",$47.49,-0.44,-0.918%,"11,665,602,359"
TUYA,"Tuya Inc. American Depositary Shares, each representing one Class A Ordinary Share",$20.76,0.63,3.13%,"11,620,619,282"
NWL,Newell Brands Inc. Common Stock,$27.25,0.21,0.777%,"11,589,425,000"
MOS,Mosaic Company (The) Common Stock,$30.45,0.75,2.525%,"11,564,471,063"
HST,"Host Hotels & Resorts, Inc. Common Stock",$16.37,0.57,3.608%,"11,558,629,392"
QGEN,Qiagen N.V. Common Shares ,$50.50,0.26,0.518%,"11,534,553,500"
TREX,"Trex Company, Inc. Common Stock",$99.96,2.08,2.125%,"11,531,582,521"
PNR,Pentair plc. Ordinary Share,$69.34,-0.19,-0.273%,"11,524,425,323"
IPGP,IPG Photonics Corporation Common Stock,$214.21,6.07,2.916%,"11,477,074,048"
PENN,"Penn National Gaming, Inc. Common Stock",$73.19,3.84,5.537%,"11,443,837,555"
SAM,"Boston Beer Company, Inc. (The) Common Stock",$930.00,-6.43,-0.687%,"11,426,700,750"
CABO,"Cable One, Inc. Common Stock",$1892.69,-27.42,-1.428%,"11,422,770,259"
BWA,BorgWarner Inc. Common Stock,$47.48,0.45,0.957%,"11,387,971,550"
TPR,"Tapestry, Inc. Common Stock",$40.80,1.39,3.527%,"11,377,419,905"
UHAL,Amerco Common Stock,$580.10,6.10,1.063%,"11,374,477,819"
ZNGA,Zynga Inc. Class A Common Stock,$10.44,-0.03,-0.287%,"11,366,683,684"
AOS,A.O. Smith Corporation Common Stock,$70.73,0.53,0.755%,"11,349,069,926"
DAR,Darling Ingredients Inc. Common Stock,$69.25,1.49,2.199%,"11,299,673,534"
LAD,"Lithia Motors, Inc. Common Stock",$371.13,15.57,4.379%,"11,290,802,259"
MCFE,McAfee Corp. Class A Common Stock,$26.18,-0.17,-0.645%,"11,285,135,511"
TECK,Teck Resources Ltd Ordinary Shares,$21.18,1.15,5.741%,"11,261,406,000"
RPM,RPM International Inc. Common Stock,$86.93,0.11,0.127%,"11,258,420,265"
VER,"VEREIT, Inc. Common Stock",$48.97,0.02,0.041%,"11,220,493,847"
REG,Regency Centers Corporation Common Stock,$65.93,1.42,2.201%,"11,199,012,209"
RGEN,Repligen Corporation Common Stock,$203.60,0.63,0.31%,"11,178,549,278"
LEVI,Levi Strauss & Co Class A Common Stock,$27.81,0.43,1.57%,"11,173,268,140"
OTLY,Oatly Group AB American Depositary Shares,$18.87,-0.58,-2.982%,"11,167,930,526"
FFIV,"F5 Networks, Inc. Common Stock",$186.99,0.31,0.166%,"11,147,387,533"
OZON,"Ozon Holdings PLC American Depositary Shares, each ADS representing one ordinary share",$53.49,-0.26,-0.484%,"11,136,774,672"
GPS,"Gap, Inc. (The) Common Stock",$29.47,0.96,3.367%,"11,127,939,840"
EDU,"New Oriental Education & Technology Group, Inc. Sponsored ADR representing 1 Ordinary Share (Cayman Islands)",$6.52,0.34,5.502%,"11,094,815,832"
LPLA,LPL Financial Holdings Inc. Common Stock,$138.68,4.74,3.539%,"11,086,520,618"
LW,"Lamb Weston Holdings, Inc. Common Stock ",$75.70,-0.28,-0.369%,"11,073,580,632"
LSPD,Lightspeed POS Inc. Subordinate Voting Shares,$82.74,0.91,1.112%,"11,065,178,712"
KOF,"Coca Cola Femsa S.A.B. de C.V.  American Depositary Shares, each representing 10 Units (each Unit consists of 3 Series B Shares and 5 Series L Shares)",$52.61,0.47,0.901%,"11,052,478,520"
PEGA,Pegasystems Inc. Common Stock,$135.97,0.89,0.659%,"11,049,898,873"
NTLA,"Intellia Therapeutics, Inc. Common Stock",$152.75,6.63,4.537%,"11,042,530,902"
FWONK,Liberty Media Corporation Series C Liberty Formula One Common Stock,$47.61,-0.31,-0.647%,"11,038,658,066"
GLPI,"Gaming and Leisure Properties, Inc. Common Stock",$47.39,0.29,0.616%,"11,031,936,535"
AFG,"American Financial Group, Inc. Common Stock",$129.60,2.21,1.735%,"11,028,913,085"
PCTY,Paylocity Holding Corporation Common Stock,$202.01,-0.34,-0.168%,"11,005,367,837"
TAP,Molson Coors Beverage Company Class B Common Stock,$50.59,-0.34,-0.668%,"10,973,837,404"
WSO,"Watsco, Inc. Common Stock",$281.53,-1.95,-0.688%,"10,889,888,394"
MORN,"Morningstar, Inc. Common Stock",$253.07,0.93,0.369%,"10,868,340,171"
KL,Kirkland Lake Gold Ltd. Common Shares,$40.65,0.16,0.395%,"10,856,918,828"
HSIC,"Henry Schein, Inc. Common Stock",$77.14,1.37,1.808%,"10,853,296,691"
RUN,Sunrun Inc. Common Stock,$53.00,2.49,4.93%,"10,808,274,948"
DECK,Deckers Outdoor Corporation Common Stock,$387.00,1.15,0.298%,"10,763,639,901"
CREE,"Cree, Inc. Common Stock",$93.15,4.85,5.493%,"10,756,102,319"
FIVE,"Five Below, Inc. Common Stock",$192.02,3.52,1.867%,"10,751,846,523"
BG,Bunge Limited Bunge Limited,$75.90,1.12,1.498%,"10,734,868,987"
JAZZ,Jazz Pharmaceuticals plc Common Stock (Ireland),$176.83,1.52,0.867%,"10,732,528,685"
HUBB,Hubbell Inc Common Stock,$197.37,0.76,0.387%,"10,720,409,315"
WLK,Westlake Chemical Corporation Common Stock,$83.45,2.75,3.408%,"10,692,666,555"
CLF,Cleveland-Cliffs Inc. Common Stock,$21.18,1.13,5.636%,"10,577,340,460"
LAMR,Lamar Advertising Company Class A Common Stock,$104.49,1.41,1.368%,"10,564,943,776"
BEP,Brookfield Renewable Partners L.P. ,$38.24,0.97,2.603%,"10,511,537,736"
MRVI,"Maravai LifeSciences Holdings, Inc. Class A Common Stock",$40.76,0.63,1.57%,"10,502,202,891"
ACH,Aluminum Corporation of China Limited American Depositary Shares,$15.30,0.44,2.961%,"10,417,875,845"
MIDD,Middleby Corporation (The) Common Stock,$187.13,1.58,0.852%,"10,409,470,779"
ARES,Ares Management Corporation Class A Common Stock,$64.14,0.93,1.471%,"10,408,791,789"
BHC,Bausch Health Companies Inc. Common Stock,$29.03,0.65,2.29%,"10,404,225,197"
GFL,"GFL Environmental Inc. Subordinate voting shares, no par value",$31.80,0.47,1.50%,"10,390,180,409"
GRFS,"Grifols, S.A. American Depositary Shares",$15.30,-0.02,-0.131%,"10,381,661,204"
MMP,Magellan Midstream Partners L.P. Limited Partnership,$46.38,-0.27,-0.579%,"10,355,857,099"
TSP,TuSimple Holdings Inc. Class A Common Stock,$49.43,1.64,3.432%,"10,332,866,873"
CSL,Carlisle Companies Incorporated Common Stock,$197.90,0.64,0.324%,"10,328,769,688"
CRSP,CRISPR Therapeutics AG Common Shares,$128.45,4.31,3.472%,"10,317,261,608"
JLL,Jones Lang LaSalle Incorporated Common Stock,$201.05,6.31,3.24%,"10,315,306,529"
OLED,Universal Display Corporation Common Stock,$218.67,6.49,3.059%,"10,308,035,356"
NTRA,"Natera, Inc. Common Stock",$117.09,9.84,9.175%,"10,297,362,609"
CF,"CF Industries Holdings, Inc. Common Stock",$47.90,0.95,2.023%,"10,275,263,902"
LEA,Lear Corporation Common Stock,$169.71,1.73,1.03%,"10,205,773,222"
SMG,Scotts Miracle-Gro Company (The) Common Stock,$182.72,1.32,0.728%,"10,178,059,834"
PFPT,"Proofpoint, Inc. Common Stock",$175.00,0.38,0.218%,"10,082,348,500"
COLD,Americold Realty Trust Common Shares,$39.73,-0.65,-1.61%,"10,033,356,830"
WAL,Western Alliance Bancorporation Common Stock (DE),$96.20,1.68,1.777%,"10,024,040,000"
